user_id,group_name,converted,order_value,session_duration_sec
TEST_0000,control,0,,312
TEST_0001,control,1,87.50,445
TEST_0002,control,0,,189
TEST_0003,control,1,134.20,678
TEST_0004,control,0,,90
TEST_0005,control,0,,234
TEST_0006,control,1,65.00,512
TEST_0007,control,0,,178
TEST_0008,control,0,,345
TEST_0009,control,1,210.75,890
TEST_0010,control,0,,123
TEST_0011,control,0,,456
TEST_0012,control,1,49.99,267
TEST_0013,control,0,,334
TEST_0014,control,0,,201
TEST_0015,control,1,175.00,723
TEST_0016,control,0,,98
TEST_0017,control,0,,445
TEST_0018,control,1,92.30,389
TEST_0019,control,0,,156
TEST_0020,control,0,,289
TEST_0021,control,0,,167
TEST_0022,control,1,310.00,1023
TEST_0023,control,0,,234
TEST_0024,control,0,,345
TEST_0025,control,1,78.50,478
TEST_0026,control,0,,212
TEST_0027,control,0,,567
TEST_0028,control,1,145.00,634
TEST_0029,control,0,,289
TEST_0030,control,0,,178
TEST_0031,control,0,,390
TEST_0032,control,1,55.00,245
TEST_0033,control,0,,456
TEST_0034,control,0,,123
TEST_0035,control,1,220.00,789
TEST_0036,control,0,,334
TEST_0037,control,0,,201
TEST_0038,control,1,99.99,512
TEST_0039,control,0,,167
TEST_0040,control,0,,289
TEST_0041,control,0,,445
TEST_0042,control,1,180.50,678
TEST_0043,control,0,,234
TEST_0044,control,0,,345
TEST_0045,control,1,67.25,389
TEST_0046,control,0,,178
TEST_0047,control,0,,512
TEST_0048,control,1,125.00,567
TEST_0049,control,0,,290
TEST_0050,treatment,0,,423
TEST_0051,treatment,1,115.00,534
TEST_0052,treatment,0,,267
TEST_0053,treatment,1,189.90,712
TEST_0054,treatment,1,74.50,345
TEST_0055,treatment,0,,198
TEST_0056,treatment,1,250.00,934
TEST_0057,treatment,0,,289
TEST_0058,treatment,0,,156
TEST_0059,treatment,1,320.00,1102
TEST_0060,treatment,0,,234
TEST_0061,treatment,1,88.00,478
TEST_0062,treatment,0,,345
TEST_0063,treatment,1,165.75,689
TEST_0064,treatment,0,,212
TEST_0065,treatment,0,,567
TEST_0066,treatment,1,95.00,412
TEST_0067,treatment,0,,389
TEST_0068,treatment,1,275.00,845
TEST_0069,treatment,0,,178
TEST_0070,treatment,1,142.50,623
TEST_0071,treatment,0,,290
TEST_0072,treatment,0,,456
TEST_0073,treatment,1,59.99,312
TEST_0074,treatment,0,,234
TEST_0075,treatment,1,198.00,789
TEST_0076,treatment,0,,167
TEST_0077,treatment,1,82.75,445
TEST_0078,treatment,0,,523
TEST_0079,treatment,1,340.00,1034
TEST_0080,treatment,0,,289
TEST_0081,treatment,0,,178
TEST_0082,treatment,1,115.50,567
TEST_0083,treatment,0,,345
TEST_0084,treatment,1,229.99,834
TEST_0085,treatment,0,,212
TEST_0086,treatment,0,,390
TEST_0087,treatment,1,76.00,423
TEST_0088,treatment,0,,267
TEST_0089,treatment,1,155.00,678
TEST_0090,treatment,0,,189
TEST_0091,treatment,1,285.00,912
TEST_0092,treatment,0,,334
TEST_0093,treatment,0,,201
TEST_0094,treatment,1,108.25,489
TEST_0095,treatment,0,,456
TEST_0096,treatment,1,195.00,745
TEST_0097,treatment,0,,289
TEST_0098,treatment,1,67.50,378
TEST_0099,treatment,0,,234
